-- MySQL Script generated by MySQL Workbench
-- Mon Jun 22 15:24:14 2020
-- Model: New Model    Version: 1.0
-- MySQL Workbench Forward Engineering

SET @OLD_UNIQUE_CHECKS=@@UNIQUE_CHECKS, UNIQUE_CHECKS=0;
SET @OLD_FOREIGN_KEY_CHECKS=@@FOREIGN_KEY_CHECKS, FOREIGN_KEY_CHECKS=0;
SET @OLD_SQL_MODE=@@SQL_MODE, SQL_MODE='ONLY_FULL_GROUP_BY,STRICT_TRANS_TABLES,NO_ZERO_IN_DATE,NO_ZERO_DATE,ERROR_FOR_DIVISION_BY_ZERO,NO_ENGINE_SUBSTITUTION';

-- -----------------------------------------------------
-- Schema inventarioRealEn
-- -----------------------------------------------------

-- -----------------------------------------------------
-- Schema inventarioRealEn
-- -----------------------------------------------------
CREATE SCHEMA IF NOT EXISTS `inventarioRealEn` DEFAULT CHARACTER SET utf8 ;
USE `inventarioRealEn` ;

-- -----------------------------------------------------
-- Table `inventarioRealEn`.`users`
-- -----------------------------------------------------
CREATE TABLE IF NOT EXISTS `inventarioRealEn`.`users` (
  `id` INT NOT NULL AUTO_INCREMENT,
  `name` VARCHAR(45) NULL,
  `username` VARCHAR(100) NULL,
  `password` VARCHAR(255) NOT NULL,
  `username_rfdi` VARCHAR(100) NULL,
  `password_rfdi` VARCHAR(255) NULL,
  `active` TINYINT(1) NULL,
  `group_id` INT NOT NULL,
  `createdAt` DATETIME NULL,
  `updatedAt` DATETIME NULL,
  PRIMARY KEY (`id`),
  UNIQUE INDEX `username_UNIQUE` (`username` ASC) VISIBLE)
ENGINE = InnoDB;


-- -----------------------------------------------------
-- Table `inventarioRealEn`.`groups`
-- -----------------------------------------------------
CREATE TABLE IF NOT EXISTS `inventarioRealEn`.`groups` (
  `id` INT NOT NULL AUTO_INCREMENT,
  `name` VARCHAR(45) NULL,
  `createdAt` DATETIME NULL,
  `updatedAt` DATETIME NULL,
  `comment` VARCHAR(45) NULL,
  PRIMARY KEY (`id`))
ENGINE = InnoDB;


-- -----------------------------------------------------
-- Table `inventarioRealEn`.`dealers`
-- -----------------------------------------------------
CREATE TABLE IF NOT EXISTS `inventarioRealEn`.`dealers` (
  `id` INT NOT NULL AUTO_INCREMENT,
  `name` VARCHAR(45) NULL,
  `user_id` INT NOT NULL,
  `createdAt` DATETIME NULL,
  `updatedAt` DATETIME NULL,
  PRIMARY KEY (`id`))
ENGINE = InnoDB;


-- -----------------------------------------------------
-- Table `inventarioRealEn`.`companies`
-- -----------------------------------------------------
CREATE TABLE IF NOT EXISTS `inventarioRealEn`.`companies` (
  `id` INT NOT NULL AUTO_INCREMENT,
  `name` VARCHAR(45) NULL,
  `photo` TEXT NULL,
  `dealer_id` INT NOT NULL,
  `user_id` INT NOT NULL,
  `createdAt` DATETIME NULL,
  `updatedAt` DATETIME NULL,
  PRIMARY KEY (`id`))
ENGINE = InnoDB;


-- -----------------------------------------------------
-- Table `inventarioRealEn`.`suppliers`
-- -----------------------------------------------------
CREATE TABLE IF NOT EXISTS `inventarioRealEn`.`suppliers` (
  `id` INT NOT NULL AUTO_INCREMENT,
  `name` VARCHAR(45) NULL,
  `company_id` INT NOT NULL,
  `createdAt` DATETIME NULL,
  `updatedAt` DATETIME NULL,
  PRIMARY KEY (`id`))
ENGINE = InnoDB;


-- -----------------------------------------------------
-- Table `inventarioRealEn`.`products`
-- -----------------------------------------------------
CREATE TABLE IF NOT EXISTS `inventarioRealEn`.`products` (
  `id` INT NOT NULL AUTO_INCREMENT,
  `ean` VARCHAR(45) NULL COMMENT '	',
  `plu` VARCHAR(45) NULL COMMENT '	',
  `plu2` VARCHAR(45) NULL,
  `plu3` VARCHAR(45) NULL,
  `branch` VARCHAR(45) NULL,
  `gender` VARCHAR(45) NULL,
  `color` VARCHAR(45) NULL,
  `size` VARCHAR(45) NULL,
  `category` VARCHAR(45) NULL,
  `description` TEXT NULL,
  `amount` INT NULL,
  `imagen` TEXT NULL,
  `cost_price` DOUBLE NULL,
  `sell_price` DOUBLE NULL,
  `company_id` INT NOT NULL,
  `supplier_id` INT NOT NULL DEFAULT 0,
  `createdAt` DATETIME NULL,
  `updatedAt` DATETIME NULL,
  PRIMARY KEY (`id`))
ENGINE = InnoDB;


-- -----------------------------------------------------
-- Table `inventarioRealEn`.`devolutions`
-- -----------------------------------------------------
CREATE TABLE IF NOT EXISTS `inventarioRealEn`.`devolutions` (
  `id` INT NOT NULL AUTO_INCREMENT COMMENT '	',
  `name` VARCHAR(45) NULL,
  `type` TINYINT(1) NULL COMMENT '1-> Cliente, 2->Proveedores',
  `createdAt` DATETIME NULL,
  `updatedAt` DATETIME NULL,
  PRIMARY KEY (`id`))
ENGINE = InnoDB;


-- -----------------------------------------------------
-- Table `inventarioRealEn`.`zones`
-- -----------------------------------------------------
CREATE TABLE IF NOT EXISTS `inventarioRealEn`.`zones` (
  `id` INT NOT NULL AUTO_INCREMENT,
  `name` VARCHAR(45) NULL,
  `shop_id` INT NOT NULL,
  `createdAt` DATETIME NULL,
  `updatedAt` DATETIME NULL,
  PRIMARY KEY (`id`))
ENGINE = InnoDB;


-- -----------------------------------------------------
-- Table `inventarioRealEn`.`shops`
-- -----------------------------------------------------
CREATE TABLE IF NOT EXISTS `inventarioRealEn`.`shops` (
  `id` INT NOT NULL AUTO_INCREMENT,
  `company_id` INT NOT NULL,
  `name` VARCHAR(45) NULL,
  `createdAt` DATETIME NULL,
  `updatedAt` DATETIME NULL,
  PRIMARY KEY (`id`))
ENGINE = InnoDB;


-- -----------------------------------------------------
-- Table `inventarioRealEn`.`sells`
-- -----------------------------------------------------
CREATE TABLE IF NOT EXISTS `inventarioRealEn`.`sells` (
  `id` INT NOT NULL AUTO_INCREMENT,
  `user_id` INT NOT NULL,
  `createdAt` DATETIME NULL,
  `updatedAt` DATETIME NULL,
  PRIMARY KEY (`id`))
ENGINE = InnoDB;


-- -----------------------------------------------------
-- Table `inventarioRealEn`.`epcs`
-- -----------------------------------------------------
CREATE TABLE IF NOT EXISTS `inventarioRealEn`.`epcs` (
  `id` INT NOT NULL AUTO_INCREMENT,
  `state` INT NULL COMMENT '0->Sin asignar.\n1->Asignado.\n2->Usado.\n3->Vendido.\n4->Desaparecido',
  `epc` VARCHAR(45) NULL,
  `company_id` INT NOT NULL,
  `dealer_id` INT NOT NULL,
  `createdAt` DATETIME NULL,
  `updatedAt` DATETIME NULL,
  PRIMARY KEY (`id`),
  UNIQUE INDEX `epc_UNIQUE` (`epc` ASC) VISIBLE)
ENGINE = InnoDB;


-- -----------------------------------------------------
-- Table `inventarioRealEn`.`products_has_zones`
-- -----------------------------------------------------
CREATE TABLE IF NOT EXISTS `inventarioRealEn`.`products_has_zones` (
  `id` INT NOT NULL AUTO_INCREMENT,
  `admission_date` DATETIME NULL,
  `transfer_date` DATETIME NULL,
  `sell_date` DATETIME NULL,
  `notes_return` TEXT NULL,
  `logs_users` TEXT NULL,
  `wasTransfered` TINYINT(1) NULL DEFAULT 0 COMMENT 'Check is the product was transfered\n',
  `product_id` INT NOT NULL,
  `zone_id` INT NOT NULL,
  `devolution_id` INT NULL COMMENT 'Last devolutions id',
  `sell_id` INT NULL COMMENT 'Id of the last sell',
  `epc_id` INT NOT NULL,
  `createdAt` DATETIME NULL,
  `updatedAt` DATETIME NULL,
  PRIMARY KEY (`id`),
  UNIQUE INDEX `epc_id_UNIQUE` (`epc_id` ASC) VISIBLE)
ENGINE = InnoDB;


-- -----------------------------------------------------
-- Table `inventarioRealEn`.`salidas`
-- -----------------------------------------------------
CREATE TABLE IF NOT EXISTS `inventarioRealEn`.`salidas` (
  `id` INT NOT NULL AUTO_INCREMENT,
  `name` VARCHAR(45) NULL,
  `createdAt` DATETIME NULL,
  `updatedAt` DATETIME NULL,
  PRIMARY KEY (`id`))
ENGINE = InnoDB;


-- -----------------------------------------------------
-- Table `inventarioRealEn`.`employees`
-- -----------------------------------------------------
CREATE TABLE IF NOT EXISTS `inventarioRealEn`.`employees` (
  `id` INT NOT NULL AUTO_INCREMENT,
  `company_id` INT NOT NULL,
  `user_id` INT NOT NULL,
  `shop_id` INT NOT NULL,
  `createdAt` DATETIME NULL,
  `updatedAt` DATETIME NULL,
  PRIMARY KEY (`id`),
  UNIQUE INDEX `users_id_UNIQUE` (`user_id` ASC) VISIBLE)
ENGINE = InnoDB;


-- -----------------------------------------------------
-- Table `inventarioRealEn`.`consolidated_inventories`
-- -----------------------------------------------------
CREATE TABLE IF NOT EXISTS `inventarioRealEn`.`consolidated_inventories` (
  `id` INT NOT NULL AUTO_INCREMENT,
  `name` VARCHAR(255) NULL,
  `employee_id` INT NOT NULL,
  `total_products` INT NULL COMMENT 'Suma de productos de todos los inventarios',
  `createdAt` DATETIME NULL COMMENT '	',
  `updatedAt` DATETIME NULL,
  PRIMARY KEY (`id`))
ENGINE = InnoDB;


-- -----------------------------------------------------
-- Table `inventarioRealEn`.`inventories`
-- -----------------------------------------------------
CREATE TABLE IF NOT EXISTS `inventarioRealEn`.`inventories` (
  `id` INT NOT NULL AUTO_INCREMENT,
  `date` DATETIME NULL,
  `parcial` TINYINT(1) NULL COMMENT 'Determina si ya se consolido o no\n0-> Consolidado,\n1-> Parcial',
  `collaborative` TINYINT(1) NULL COMMENT 'Determina si es un inventario colaborativo',
  `zone_id` INT NOT NULL,
  `consolidated_inventory_id` INT NOT NULL DEFAULT 0,
  `message` TEXT NULL,
  `createdAt` DATETIME NULL,
  `updatedAt` DATETIME NULL,
  PRIMARY KEY (`id`))
ENGINE = InnoDB;


-- -----------------------------------------------------
-- Table `inventarioRealEn`.`employees_inventories`
-- -----------------------------------------------------
CREATE TABLE IF NOT EXISTS `inventarioRealEn`.`employees_inventories` (
  `id` INT NOT NULL AUTO_INCREMENT,
  `inventory_id` INT NOT NULL,
  `employee_id` INT NOT NULL,
  `createdAt` DATETIME NULL,
  `updatedAt` DATETIME NULL,
  PRIMARY KEY (`id`))
ENGINE = InnoDB;


-- -----------------------------------------------------
-- Table `inventarioRealEn`.`inventories_has_products`
-- -----------------------------------------------------
CREATE TABLE IF NOT EXISTS `inventarioRealEn`.`inventories_has_products` (
  `id` INT NOT NULL AUTO_INCREMENT,
  `inventory_id` INT NOT NULL,
  `epc_id` INT NOT NULL,
  `zone_id` INT NOT NULL,
  `products_has_zone_id` INT NOT NULL,
  `createdAt` DATETIME NULL,
  `updatedAt` DATETIME NULL,
  PRIMARY KEY (`id`))
ENGINE = InnoDB;


-- -----------------------------------------------------
-- Table `inventarioRealEn`.`transfers`
-- -----------------------------------------------------
CREATE TABLE IF NOT EXISTS `inventarioRealEn`.`transfers` (
  `id` INT NOT NULL AUTO_INCREMENT,
  `state` TINYINT(1) NULL DEFAULT 0 COMMENT 'Determina si ya se hizo la transferencia.\n0-> No se ha hecho.\n1-> Ya se hizo',
  `manifest` VARCHAR(45) NULL COMMENT '0 -> First Letter Company\n1 -> First number from Id Company\n2 -> First number from Id Local Orig\n3 -> First number from Id Local Dest\n4 -> Amount of product\n5,6,7,8 -> Random text',
  `message` TEXT NULL,
  `employee_id` INT NOT NULL COMMENT 'Employees id who created the transfer',
  `shop_source_id` INT NOT NULL,
  `shop_destination_id` INT NOT NULL,
  `createdAt` DATETIME NULL,
  `updatedAt` DATETIME NULL,
  PRIMARY KEY (`id`))
ENGINE = InnoDB;


-- -----------------------------------------------------
-- Table `inventarioRealEn`.`transfers_has_zones_products`
-- -----------------------------------------------------
CREATE TABLE IF NOT EXISTS `inventarioRealEn`.`transfers_has_zones_products` (
  `id` INT NOT NULL AUTO_INCREMENT,
  `products_has_zone_id` INT NOT NULL,
  `transfer_id` INT NOT NULL,
  `state` TINYINT(1) NULL COMMENT 'Determina si ya se recibió o no\n0-> No se ha recibido.\n1-> Se recibió',
  `createdAt` DATETIME NULL,
  `updatedAt` DATETIME NULL,
  PRIMARY KEY (`id`))
ENGINE = InnoDB;


-- -----------------------------------------------------
-- Table `inventarioRealEn`.`reports`
-- -----------------------------------------------------
CREATE TABLE IF NOT EXISTS `inventarioRealEn`.`reports` (
  `id` INT NOT NULL AUTO_INCREMENT,
  `type` INT NULL COMMENT '1: Diferencia unidades fisicas;\n2: Unidades vendidas',
  `amount` INT NULL,
  `units_sell` INT NULL COMMENT 'Unidades vendidas para reporte de unidades vendidas',
  `units_returned` INT NULL COMMENT 'Unidades devueltas para reporte de unidades vendidas',
  `firstDate` DATETIME NULL,
  `secondDate` DATETIME NULL,
  `employee_id` INT NOT NULL,
  `inventory_first_id` INT NOT NULL,
  `inventory_second_id` INT NOT NULL,
  `createdAt` DATETIME NULL,
  `updatedAt` DATETIME NULL,
  PRIMARY KEY (`id`))
ENGINE = InnoDB;


-- -----------------------------------------------------
-- Table `inventarioRealEn`.`reports_has_products_zones`
-- -----------------------------------------------------
CREATE TABLE IF NOT EXISTS `inventarioRealEn`.`reports_has_products_zones` (
  `id` INT NOT NULL AUTO_INCREMENT,
  `homologator_employee_id` INT NULL DEFAULT 0 COMMENT 'Id del empleado que homologo la unidad, 0 en caso de que no haya sido homologada',
  `report_id` INT NOT NULL,
  `products_zone_id` INT NOT NULL,
  `createdAt` DATETIME NULL,
  `updatedAt` DATETIME NULL,
  PRIMARY KEY (`id`))
ENGINE = InnoDB;


-- -----------------------------------------------------
-- Table `inventarioRealEn`.`sales_history`
-- -----------------------------------------------------
CREATE TABLE IF NOT EXISTS `inventarioRealEn`.`sales_history` (
  `id` INT NOT NULL AUTO_INCREMENT,
  `product_id` INT NOT NULL,
  `products_has_zone_id` INT NOT NULL,
  `user_id` INT NOT NULL,
  `createdAt` DATETIME NULL,
  `updatedAt` DATETIME NULL,
  PRIMARY KEY (`id`))
ENGINE = InnoDB;


-- -----------------------------------------------------
-- Table `inventarioRealEn`.`devolutions_history`
-- -----------------------------------------------------
CREATE TABLE IF NOT EXISTS `inventarioRealEn`.`devolutions_history` (
  `id` INT NOT NULL AUTO_INCREMENT,
  `product_id` INT NOT NULL,
  `products_has_zone_id` INT NOT NULL,
  `user_id` INT NOT NULL,
  `createdAt` DATETIME NULL,
  `updatedAt` DATETIME NULL,
  PRIMARY KEY (`id`))
ENGINE = InnoDB;


-- -----------------------------------------------------
-- Table `inventarioRealEn`.`inventory_erp`
-- -----------------------------------------------------
CREATE TABLE IF NOT EXISTS `inventarioRealEn`.`inventory_erp` (
  `id` INT NOT NULL AUTO_INCREMENT,
  `shop_id` INT NOT NULL,
  `products` JSON NULL,
  `createdAt` DATETIME NULL,
  `updatedAt` DATETIME NULL,
  PRIMARY KEY (`id`))
ENGINE = InnoDB;


SET SQL_MODE=@OLD_SQL_MODE;
SET FOREIGN_KEY_CHECKS=@OLD_FOREIGN_KEY_CHECKS;
SET UNIQUE_CHECKS=@OLD_UNIQUE_CHECKS;

-- -----------------------------------------------------
-- Data for table `inventarioRealEn`.`users`
-- -----------------------------------------------------
START TRANSACTION;
USE `inventarioRealEn`;
INSERT INTO `inventarioRealEn`.`users` (`id`, `name`, `username`, `password`, `username_rfdi`, `password_rfdi`, `active`, `group_id`, `createdAt`, `updatedAt`) VALUES (1, 'SAdmin', 'superAdmin', '$2a$10$Q9UXHnOJbe0puFTeZmT.Q.vBRoP.OP/PeDMGIV3mZB/HPQAimu1.m', ' ', NULL, 1, 1, '2018-08-10 00:00:00', '2018-08-10 00:00:00');
INSERT INTO `inventarioRealEn`.`users` (`id`, `name`, `username`, `password`, `username_rfdi`, `password_rfdi`, `active`, `group_id`, `createdAt`, `updatedAt`) VALUES (2, 'Gerente Inv Real', 'gerente@ir.com', '$2a$10$Q9UXHnOJbe0puFTeZmT.Q.vBRoP.OP/PeDMGIV3mZB/HPQAimu1.m', NULL, NULL, 1, 2, '2018-08-10 00:00:00', '2018-08-10 00:00:00');
INSERT INTO `inventarioRealEn`.`users` (`id`, `name`, `username`, `password`, `username_rfdi`, `password_rfdi`, `active`, `group_id`, `createdAt`, `updatedAt`) VALUES (3, 'Cajero Inv Real', 'cajero@ir.com', '$2a$10$Q9UXHnOJbe0puFTeZmT.Q.vBRoP.OP/PeDMGIV3mZB/HPQAimu1.m', NULL, NULL, 1, 3, '2019-11-15 15:28:53', '2019-11-15 15:28:53');
INSERT INTO `inventarioRealEn`.`users` (`id`, `name`, `username`, `password`, `username_rfdi`, `password_rfdi`, `active`, `group_id`, `createdAt`, `updatedAt`) VALUES (4, 'Dealer Inv Real', 'dealer@ir.com', '$2a$10$Q9UXHnOJbe0puFTeZmT.Q.vBRoP.OP/PeDMGIV3mZB/HPQAimu1.m', NULL, NULL, 1, 5, '2019-11-15 15:28:53', '2019-11-15 15:28:53');
INSERT INTO `inventarioRealEn`.`users` (`id`, `name`, `username`, `password`, `username_rfdi`, `password_rfdi`, `active`, `group_id`, `createdAt`, `updatedAt`) VALUES (5, 'Gerente Calle 80', 'gerente80@ir.com', '$2a$10$Q9UXHnOJbe0puFTeZmT.Q.vBRoP.OP/PeDMGIV3mZB/HPQAimu1.m', NULL, NULL, 1, 6, '2019-11-15 15:28:53', '2019-11-15 15:28:53');

COMMIT;


-- -----------------------------------------------------
-- Data for table `inventarioRealEn`.`groups`
-- -----------------------------------------------------
START TRANSACTION;
USE `inventarioRealEn`;
INSERT INTO `inventarioRealEn`.`groups` (`id`, `name`, `createdAt`, `updatedAt`, `comment`) VALUES (1, 'SuperAdministrador', '2018-08-10', '2018-08-10', 'Super admin of the system');
INSERT INTO `inventarioRealEn`.`groups` (`id`, `name`, `createdAt`, `updatedAt`, `comment`) VALUES (2, 'Administrador Empresa', '2018-08-10', '2018-08-10', 'User of the web, admin of the system');
INSERT INTO `inventarioRealEn`.`groups` (`id`, `name`, `createdAt`, `updatedAt`, `comment`) VALUES (3, 'Cajero', '2018-08-10', '2018-08-10', 'User of the app');
INSERT INTO `inventarioRealEn`.`groups` (`id`, `name`, `createdAt`, `updatedAt`, `comment`) VALUES (4, 'Bodega', '2018-08-10', '2018-08-10', 'User of the app');
INSERT INTO `inventarioRealEn`.`groups` (`id`, `name`, `createdAt`, `updatedAt`, `comment`) VALUES (5, 'Distribuidor', '2018-08-10', '2018-08-10', 'User of the web, dealer');
INSERT INTO `inventarioRealEn`.`groups` (`id`, `name`, `createdAt`, `updatedAt`, `comment`) VALUES (6, 'Administrador Local', '2018-08-10', '2018-08-10', 'User of the web, manager of a company');
INSERT INTO `inventarioRealEn`.`groups` (`id`, `name`, `createdAt`, `updatedAt`, `comment`) VALUES (DEFAULT, NULL, NULL, NULL, NULL);

COMMIT;


-- -----------------------------------------------------
-- Data for table `inventarioRealEn`.`dealers`
-- -----------------------------------------------------
START TRANSACTION;
USE `inventarioRealEn`;
INSERT INTO `inventarioRealEn`.`dealers` (`id`, `name`, `user_id`, `createdAt`, `updatedAt`) VALUES (1, 'Inventario Real', 4, '2019-11-11', '2019-11-11');

COMMIT;


-- -----------------------------------------------------
-- Data for table `inventarioRealEn`.`companies`
-- -----------------------------------------------------
START TRANSACTION;
USE `inventarioRealEn`;
INSERT INTO `inventarioRealEn`.`companies` (`id`, `name`, `photo`, `dealer_id`, `user_id`, `createdAt`, `updatedAt`) VALUES (1, 'Inventario Real', NULL, 1, 2, '2018-08-10', '2018-08-10');

COMMIT;


-- -----------------------------------------------------
-- Data for table `inventarioRealEn`.`suppliers`
-- -----------------------------------------------------
START TRANSACTION;
USE `inventarioRealEn`;
INSERT INTO `inventarioRealEn`.`suppliers` (`id`, `name`, `company_id`, `createdAt`, `updatedAt`) VALUES (1, 'Sin proovedor', 1, '2018-10-24', '2018-10-24');
INSERT INTO `inventarioRealEn`.`suppliers` (`id`, `name`, `company_id`, `createdAt`, `updatedAt`) VALUES (2, 'Arturo Calle', 1, '2018-10-24', '2018-10-24');
INSERT INTO `inventarioRealEn`.`suppliers` (`id`, `name`, `company_id`, `createdAt`, `updatedAt`) VALUES (8, 'Sin proveedor', 1, '2018-10-24', '2018-10-24');
INSERT INTO `inventarioRealEn`.`suppliers` (`id`, `name`, `company_id`, `createdAt`, `updatedAt`) VALUES (9, 'Arturo Calle', 1, '2018-10-24', '2018-10-24');
INSERT INTO `inventarioRealEn`.`suppliers` (`id`, `name`, `company_id`, `createdAt`, `updatedAt`) VALUES (10, 'Pat Primo', 1, '2018-10-24', '2018-10-24');
INSERT INTO `inventarioRealEn`.`suppliers` (`id`, `name`, `company_id`, `createdAt`, `updatedAt`) VALUES (11, 'Meo Nostra', 1, '2018-10-24', '2018-10-24');

COMMIT;


-- -----------------------------------------------------
-- Data for table `inventarioRealEn`.`products`
-- -----------------------------------------------------
START TRANSACTION;
USE `inventarioRealEn`;
INSERT INTO `inventarioRealEn`.`products` (`id`, `ean`, `plu`, `plu2`, `plu3`, `branch`, `gender`, `color`, `size`, `category`, `description`, `amount`, `imagen`, `cost_price`, `sell_price`, `company_id`, `supplier_id`, `createdAt`, `updatedAt`) VALUES (1, '11111', 'p11111', 'p211111', 'p311111', 'Arturo Calle', 'M', 'Negro', 'S', 'Camisas', 'Camisa hombre', 10, NULL, 150000, 160000, 1, 1, '2018-08-10', '2018-08-10');
INSERT INTO `inventarioRealEn`.`products` (`id`, `ean`, `plu`, `plu2`, `plu3`, `branch`, `gender`, `color`, `size`, `category`, `description`, `amount`, `imagen`, `cost_price`, `sell_price`, `company_id`, `supplier_id`, `createdAt`, `updatedAt`) VALUES (2, '11112', 'p11112', 'p211112', 'p311112', 'Arturo Calle', 'F', 'Rosa', 'S', 'Camisas', 'Camisa mujer', 10, NULL, 10000, 16000, 1, 1, '2018-08-10', '2018-08-10');

COMMIT;


-- -----------------------------------------------------
-- Data for table `inventarioRealEn`.`devolutions`
-- -----------------------------------------------------
START TRANSACTION;
USE `inventarioRealEn`;
INSERT INTO `inventarioRealEn`.`devolutions` (`id`, `name`, `type`, `createdAt`, `updatedAt`) VALUES (1, 'Sin devoluciones', NULL, '2018-10-24', '2018-10-24');
INSERT INTO `inventarioRealEn`.`devolutions` (`id`, `name`, `type`, `createdAt`, `updatedAt`) VALUES (2, 'Garantia', 1, '2018-10-24', '2018-10-24');
INSERT INTO `inventarioRealEn`.`devolutions` (`id`, `name`, `type`, `createdAt`, `updatedAt`) VALUES (3, 'Talla no coincide', 1, '2018-10-24', '2018-10-24');
INSERT INTO `inventarioRealEn`.`devolutions` (`id`, `name`, `type`, `createdAt`, `updatedAt`) VALUES (4, 'Mal estado delproducto', 1, '2018-10-24', '2018-10-24');
INSERT INTO `inventarioRealEn`.`devolutions` (`id`, `name`, `type`, `createdAt`, `updatedAt`) VALUES (5, 'Garantia', 2, '2018-10-24', '2018-10-24');
INSERT INTO `inventarioRealEn`.`devolutions` (`id`, `name`, `type`, `createdAt`, `updatedAt`) VALUES (6, 'Talla no coincide', 2, '2018-10-24', '2018-10-24');
INSERT INTO `inventarioRealEn`.`devolutions` (`id`, `name`, `type`, `createdAt`, `updatedAt`) VALUES (7, 'Mal estado delproducto', 2, '2018-10-24', '2018-10-24');

COMMIT;


-- -----------------------------------------------------
-- Data for table `inventarioRealEn`.`zones`
-- -----------------------------------------------------
START TRANSACTION;
USE `inventarioRealEn`;
INSERT INTO `inventarioRealEn`.`zones` (`id`, `name`, `shop_id`, `createdAt`, `updatedAt`) VALUES (1, 'Bodega Calle 80', 1, '2018-10-27', '2018-10-27');
INSERT INTO `inventarioRealEn`.`zones` (`id`, `name`, `shop_id`, `createdAt`, `updatedAt`) VALUES (2, 'Bodega Calle 26', 2, '2018-10-27', '2018-10-27');
INSERT INTO `inventarioRealEn`.`zones` (`id`, `name`, `shop_id`, `createdAt`, `updatedAt`) VALUES (3, 'Vitrina Calle 80', 1, '2018-10-27', '2018-10-27');

COMMIT;


-- -----------------------------------------------------
-- Data for table `inventarioRealEn`.`shops`
-- -----------------------------------------------------
START TRANSACTION;
USE `inventarioRealEn`;
INSERT INTO `inventarioRealEn`.`shops` (`id`, `company_id`, `name`, `createdAt`, `updatedAt`) VALUES (1, 1, 'Calle 80', '2018-08-10', '2018-08-10');
INSERT INTO `inventarioRealEn`.`shops` (`id`, `company_id`, `name`, `createdAt`, `updatedAt`) VALUES (2, 1, 'Calle 26', '2018-08-10', '2018-08-10');

COMMIT;


-- -----------------------------------------------------
-- Data for table `inventarioRealEn`.`epcs`
-- -----------------------------------------------------
START TRANSACTION;
USE `inventarioRealEn`;
INSERT INTO `inventarioRealEn`.`epcs` (`id`, `state`, `epc`, `company_id`, `dealer_id`, `createdAt`, `updatedAt`) VALUES (1, 1, '0036', 1, 1, '2018-08-10', '2018-08-10');
INSERT INTO `inventarioRealEn`.`epcs` (`id`, `state`, `epc`, `company_id`, `dealer_id`, `createdAt`, `updatedAt`) VALUES (2, 1, 'E20053828213013412009C3E', 1, 1, '2018-08-10', '2018-08-10');
INSERT INTO `inventarioRealEn`.`epcs` (`id`, `state`, `epc`, `company_id`, `dealer_id`, `createdAt`, `updatedAt`) VALUES (3, 1, 'E20053828213010711909BD1', 1, 1, '2018-08-10', '2018-08-10');
INSERT INTO `inventarioRealEn`.`epcs` (`id`, `state`, `epc`, `company_id`, `dealer_id`, `createdAt`, `updatedAt`) VALUES (4, 1, 'E20053828213027012009E5E', 1, 1, '2018-08-10', '2018-08-10');
INSERT INTO `inventarioRealEn`.`epcs` (`id`, `state`, `epc`, `company_id`, `dealer_id`, `createdAt`, `updatedAt`) VALUES (5, 0, 'E20053828213011911909C01', 1, 1, '2018-08-10', '2018-08-10');

COMMIT;


-- -----------------------------------------------------
-- Data for table `inventarioRealEn`.`products_has_zones`
-- -----------------------------------------------------
START TRANSACTION;
USE `inventarioRealEn`;
INSERT INTO `inventarioRealEn`.`products_has_zones` (`id`, `admission_date`, `transfer_date`, `sell_date`, `notes_return`, `logs_users`, `wasTransfered`, `product_id`, `zone_id`, `devolution_id`, `sell_id`, `epc_id`, `createdAt`, `updatedAt`) VALUES (1, '2018-10-27 00:00:00', NULL, NULL, NULL, NULL, NULL, 1, 1, NULL, NULL, 1, '2018-10-27', '2018-10-27');
INSERT INTO `inventarioRealEn`.`products_has_zones` (`id`, `admission_date`, `transfer_date`, `sell_date`, `notes_return`, `logs_users`, `wasTransfered`, `product_id`, `zone_id`, `devolution_id`, `sell_id`, `epc_id`, `createdAt`, `updatedAt`) VALUES (2, '2018-10-27 00:00:00', NULL, NULL, NULL, NULL, NULL, 2, 1, NULL, NULL, 2, '2018-10-27', '2018-10-27');
INSERT INTO `inventarioRealEn`.`products_has_zones` (`id`, `admission_date`, `transfer_date`, `sell_date`, `notes_return`, `logs_users`, `wasTransfered`, `product_id`, `zone_id`, `devolution_id`, `sell_id`, `epc_id`, `createdAt`, `updatedAt`) VALUES (3, '2018-10-27 00:00:00', NULL, NULL, NULL, NULL, NULL, 1, 2, NULL, NULL, 3, '2018-10-27', '2018-10-27');
INSERT INTO `inventarioRealEn`.`products_has_zones` (`id`, `admission_date`, `transfer_date`, `sell_date`, `notes_return`, `logs_users`, `wasTransfered`, `product_id`, `zone_id`, `devolution_id`, `sell_id`, `epc_id`, `createdAt`, `updatedAt`) VALUES (4, '2018-10-27 00:00:00', NULL, NULL, NULL, NULL, NULL, 2, 2, NULL, NULL, 4, '2018-10-27', '2018-10-27');

COMMIT;


-- -----------------------------------------------------
-- Data for table `inventarioRealEn`.`salidas`
-- -----------------------------------------------------
START TRANSACTION;
USE `inventarioRealEn`;
INSERT INTO `inventarioRealEn`.`salidas` (`id`, `name`, `createdAt`, `updatedAt`) VALUES (DEFAULT, 'Perdida', '2018-08-10 00:00:00', '2018-08-10 00:00:00');
INSERT INTO `inventarioRealEn`.`salidas` (`id`, `name`, `createdAt`, `updatedAt`) VALUES (DEFAULT, 'Extravio', '2018-08-10 00:00:00', '2018-08-10 00:00:00');
INSERT INTO `inventarioRealEn`.`salidas` (`id`, `name`, `createdAt`, `updatedAt`) VALUES (DEFAULT, 'Robo', '2018-08-10 00:00:00', '2018-08-10 00:00:00');
INSERT INTO `inventarioRealEn`.`salidas` (`id`, `name`, `createdAt`, `updatedAt`) VALUES (DEFAULT, 'Retiro', '2018-08-10 00:00:00', '2018-08-10 00:00:00');

COMMIT;


-- -----------------------------------------------------
-- Data for table `inventarioRealEn`.`employees`
-- -----------------------------------------------------
START TRANSACTION;
USE `inventarioRealEn`;
INSERT INTO `inventarioRealEn`.`employees` (`id`, `company_id`, `user_id`, `shop_id`, `createdAt`, `updatedAt`) VALUES (1, 1, 2, 1, '2019-11-11', '2019-11-11');
INSERT INTO `inventarioRealEn`.`employees` (`id`, `company_id`, `user_id`, `shop_id`, `createdAt`, `updatedAt`) VALUES (1, 1, 3, 1, '2019-11-11', '2019-11-11');
INSERT INTO `inventarioRealEn`.`employees` (`id`, `company_id`, `user_id`, `shop_id`, `createdAt`, `updatedAt`) VALUES (1, 1, 5, 1, '2019-11-11', '2019-11-11');

COMMIT;


-- -----------------------------------------------------
-- Data for table `inventarioRealEn`.`consolidated_inventories`
-- -----------------------------------------------------
START TRANSACTION;
USE `inventarioRealEn`;
INSERT INTO `inventarioRealEn`.`consolidated_inventories` (`id`, `name`, `employee_id`, `total_products`, `createdAt`, `updatedAt`) VALUES (1, 'No consolidated', 1, 0, '2020-06-22', '2020-06-22');

COMMIT;

